Serl,Cem,BFurSlg,FlyA,Wtr,Super,Coar,FAgg,Age,Strg
1,540,0,0,162,2.5,1040,676,28,79.98611076
2,540,0,0,162,2.5,1055,676,28,61.88736576
3,332.5,142.5,0,228,0,932,594,270,40.26953526
4,332.5,142.5,0,228,0,932,594,365,41.05277999
5,198.6,132.4,0,192,0,978.4,825.5,360,44.2960751
6,266,114,0,228,0,932,670,90,47.02984744
7,380,95,0,228,0,932,594,365,43.6982994
8,380,95,0,228,0,932,594,28,36.44776979
9,266,114,0,228,0,932,670,28,45.85429086
10,475,0,0,228,0,932,594,28,39.28978986
11,198.6,132.4,0,192,0,978.4,825.5,90,38.07424367
12,198.6,132.4,0,192,0,978.4,825.5,28,28.02168359
13,427.5,47.5,0,228,0,932,594,270,43.01296026
14,190,190,0,228,0,932,670,90,42.32693164
15,304,76,0,228,0,932,670,28,47.81378165
16,380,0,0,228,0,932,670,90,52.90831981
17,139.6,209.4,0,192,0,1047,806.9,90,39.35804798
18,342,38,0,228,0,932,670,365,56.14196225
19,380,95,0,228,0,932,594,90,40.56325203
20,475,0,0,228,0,932,594,180,42.62064842
21,427.5,47.5,0,228,0,932,594,180,41.8367142
22,139.6,209.4,0,192,0,1047,806.9,28,28.23748958
23,139.6,209.4,0,192,0,1047,806.9,3,8.06342182
24,139.6,209.4,0,192,0,1047,806.9,180,44.20782217
25,380,0,0,228,0,932,670,365,52.51669744
26,380,0,0,228,0,932,670,270,53.30063166
27,380,95,0,228,0,932,594,270,41.15137506
28,342,38,0,228,0,932,670,180,52.1243856
29,427.5,47.5,0,228,0,932,594,28,37.42751518
30,475,0,0,228,0,932,594,7,38.60376124
31,304,76,0,228,0,932,670,365,55.26012245
32,266,114,0,228,0,932,670,365,52.90831981
33,198.6,132.4,0,192,0,978.4,825.5,180,41.71950328
34,475,0,0,228,0,932,594,270,42.13112046
35,190,190,0,228,0,932,670,365,53.69225402
36,237.5,237.5,0,228,0,932,594,270,38.40795006
37,237.5,237.5,0,228,0,932,594,28,30.07976945
38,332.5,142.5,0,228,0,932,594,90,37.72192144
39,475,0,0,228,0,932,594,90,42.22902605
40,237.5,237.5,0,228,0,932,594,180,36.2519586
